{
    "Left":  517.06930693069307,
    "Width":  1400.0792079207922,
    "Top":  175.84158415841586,
    "Height":  971.40594059405953
}
